hand_id,count,first_dataset,cross_dataset,datasets
195505779180,3,NL50,False,NL50
195158026937,3,NL50,False,NL50
107776392742,3,NL5K,False,NL5K
107776379269,3,NL5K,False,NL5K
107776444507,3,NL5K,False,NL5K
107776460800,3,NL5K,False,NL5K
162788860236,3,NL5K,False,NL5K
162788830706,3,NL5K,False,NL5K
162788849640,3,NL5K,False,NL5K
162789859876,3,NL5K,False,NL5K
162789966031,3,NL5K,False,NL5K
162790748531,3,NL5K,False,NL5K
162790830315,3,NL5K,False,NL5K
162790911822,3,NL5K,False,NL5K
162790992811,3,NL5K,False,NL5K
162791064479,3,NL5K,False,NL5K
162791036151,3,NL5K,False,NL5K
162791078661,3,NL5K,False,NL5K
162791109607,3,NL5K,False,NL5K
162791135313,3,NL5K,False,NL5K
162791241878,3,NL5K,False,NL5K
162791255381,3,NL5K,False,NL5K
162791278649,3,NL5K,False,NL5K
162791295253,3,NL5K,False,NL5K
162791387327,3,NL5K,False,NL5K
162791337765,3,NL5K,False,NL5K
162791364596,3,NL5K,False,NL5K
162791400192,3,NL5K,False,NL5K
162791477110,3,NL5K,False,NL5K
162791609014,3,NL5K,False,NL5K
162791657754,3,NL5K,False,NL5K
162791672054,3,NL5K,False,NL5K
162791757614,3,NL5K,False,NL5K
162791901986,3,NL5K,False,NL5K
162791780134,3,NL5K,False,NL5K
162791970867,3,NL5K,False,NL5K
162791951764,3,NL5K,False,NL5K
162791916280,3,NL5K,False,NL5K
162791988806,3,NL5K,False,NL5K
162792156693,3,NL5K,False,NL5K
162792175941,3,NL5K,False,NL5K
162792283108,3,NL5K,False,NL5K
162792340605,3,NL5K,False,NL5K
162792526006,3,NL5K,False,NL5K
162792357513,3,NL5K,False,NL5K
162792534392,3,NL5K,False,NL5K
162792595040,3,NL5K,False,NL5K
162792612791,3,NL5K,False,NL5K
162792629735,3,NL5K,False,NL5K
162792685244,3,NL5K,False,NL5K
162792740705,3,NL5K,False,NL5K
162792752200,3,NL5K,False,NL5K
162792872443,3,NL5K,False,NL5K
162792937617,3,NL5K,False,NL5K
162793120953,3,NL5K,False,NL5K
162793099743,3,NL5K,False,NL5K
162793267380,3,NL5K,False,NL5K
162793140383,3,NL5K,False,NL5K
162793331729,3,NL5K,False,NL5K
162793298064,3,NL5K,False,NL5K
162793351145,3,NL5K,False,NL5K
162793370457,3,NL5K,False,NL5K
162793383778,3,NL5K,False,NL5K
162793467806,3,NL5K,False,NL5K
162793604972,3,NL5K,False,NL5K
162793769339,3,NL5K,False,NL5K
162793659835,3,NL5K,False,NL5K
162793848100,3,NL5K,False,NL5K
162793788490,3,NL5K,False,NL5K
162793803829,3,NL5K,False,NL5K
162793838545,3,NL5K,False,NL5K
162793885409,3,NL5K,False,NL5K
162793861034,3,NL5K,False,NL5K
162794015922,3,NL5K,False,NL5K
162794036706,3,NL5K,False,NL5K
162793910186,3,NL5K,False,NL5K
162794069179,3,NL5K,False,NL5K
162794098105,3,NL5K,False,NL5K
162794265711,3,NL5K,False,NL5K
162794514153,3,NL5K,False,NL5K
162794331187,3,NL5K,False,NL5K
162794594317,3,NL5K,False,NL5K
162794557831,3,NL5K,False,NL5K
162794626967,3,NL5K,False,NL5K
162794704484,3,NL5K,False,NL5K
162794743002,3,NL5K,False,NL5K
162794857983,3,NL5K,False,NL5K
162794997431,3,NL5K,False,NL5K
162795105263,3,NL5K,False,NL5K
162795019441,3,NL5K,False,NL5K
162795615138,3,NL5K,False,NL5K
162795674384,3,NL5K,False,NL5K
162795690456,3,NL5K,False,NL5K
162795771633,3,NL5K,False,NL5K
162795748410,3,NL5K,False,NL5K
162795798861,3,NL5K,False,NL5K
162795934680,3,NL5K,False,NL5K
162796022273,3,NL5K,False,NL5K
162796069467,3,NL5K,False,NL5K
162796172375,3,NL5K,False,NL5K
