dataset,year,n_players,min_hands,median_hands,metric,mean,std,p25,p50,p75,iqr
NL200,2011,963,500,1207.0,bb_fold,75.88,12.42,71.28,79.76,84.1,12.81
NL200,2011,963,500,1207.0,bb_three_bet,7.56,3.83,4.9,7.14,9.91,5.01
NL200,2011,963,500,1207.0,cbet,69.25,18.41,58.17,68.84,80.49,22.32
NL200,2011,963,500,1207.0,fold_to_3bet,56.78,17.2,47.37,59.83,68.67,21.3
NL200,2011,963,500,1207.0,pfr,15.88,4.36,13.66,15.97,18.23,4.57
NL200,2011,963,500,1207.0,three_bet,6.7,2.88,4.76,6.46,8.49,3.73
NL200,2011,963,500,1207.0,vpip,23.03,7.63,18.34,21.05,25.16,6.82
NL200,2012,689,500,1575.0,bb_fold,74.25,11.82,70.82,78.21,81.75,10.93
NL200,2012,689,500,1575.0,bb_three_bet,7.47,3.3,5.43,7.32,9.37,3.94
NL200,2012,689,500,1575.0,cbet,70.69,17.74,60.52,69.81,81.28,20.76
NL200,2012,689,500,1575.0,fold_to_3bet,55.39,17.66,45.45,59.07,67.98,22.53
NL200,2012,689,500,1575.0,pfr,16.98,4.08,14.98,16.78,18.89,3.91
NL200,2012,689,500,1575.0,three_bet,6.83,2.6,5.29,6.79,8.34,3.05
NL200,2012,689,500,1575.0,vpip,24.31,7.4,19.83,22.19,25.89,6.06
NL200,2013,571,500,1549.0,bb_fold,73.19,12.84,69.5,77.39,81.48,11.99
NL200,2013,571,500,1549.0,bb_three_bet,7.54,3.35,5.37,7.26,9.3,3.93
NL200,2013,571,500,1549.0,cbet,69.0,15.96,58.84,68.61,78.77,19.93
NL200,2013,571,500,1549.0,fold_to_3bet,54.0,18.06,45.23,59.09,66.42,21.18
NL200,2013,571,500,1549.0,pfr,17.24,4.49,15.0,16.87,19.44,4.44
NL200,2013,571,500,1549.0,three_bet,7.08,2.67,5.54,6.93,8.56,3.02
NL200,2013,571,500,1549.0,vpip,24.75,7.93,20.3,22.4,26.34,6.04
NL200,2014,579,500,1442.0,bb_fold,68.81,12.68,63.93,72.59,77.49,13.56
NL200,2014,579,500,1442.0,bb_three_bet,7.46,3.19,5.38,7.38,9.41,4.02
NL200,2014,579,500,1442.0,cbet,66.95,19.22,56.77,66.29,75.87,19.11
NL200,2014,579,500,1442.0,fold_to_3bet,49.61,18.16,37.77,53.35,63.07,25.3
NL200,2014,579,500,1442.0,pfr,17.21,4.22,15.5,17.42,19.21,3.71
NL200,2014,579,500,1442.0,three_bet,7.05,2.6,5.48,7.18,8.52,3.04
NL200,2014,579,500,1442.0,vpip,26.24,7.82,21.54,23.99,28.55,7.02
NL200,2015,691,500,1620.0,bb_fold,66.02,12.22,61.27,68.71,74.02,12.75
NL200,2015,691,500,1620.0,bb_three_bet,7.09,3.17,5.2,6.9,8.67,3.47
NL200,2015,691,500,1620.0,cbet,62.31,16.24,51.22,60.18,71.43,20.21
NL200,2015,691,500,1620.0,fold_to_3bet,46.41,17.02,37.5,50.0,57.97,20.47
NL200,2015,691,500,1620.0,pfr,17.31,4.3,15.64,17.53,19.27,3.64
NL200,2015,691,500,1620.0,three_bet,6.94,2.72,5.26,6.93,8.41,3.15
NL200,2015,691,500,1620.0,vpip,26.8,7.86,22.21,24.41,29.06,6.85
NL200,2016,707,500,1386.0,bb_fold,62.11,14.06,55.18,65.73,71.87,16.69
NL200,2016,707,500,1386.0,bb_three_bet,6.74,3.37,4.58,6.58,8.29,3.71
NL200,2016,707,500,1386.0,cbet,62.32,17.08,51.38,58.74,71.41,20.03
NL200,2016,707,500,1386.0,fold_to_3bet,42.46,18.68,30.0,46.11,55.18,25.18
NL200,2016,707,500,1386.0,pfr,16.98,5.3,14.82,17.08,19.15,4.33
NL200,2016,707,500,1386.0,three_bet,6.81,3.05,5.12,6.77,8.46,3.34
NL200,2016,707,500,1386.0,vpip,29.1,10.36,22.36,25.16,33.16,10.8
NL200,2017,597,500,1519.0,bb_fold,61.2,13.01,55.34,64.89,69.79,14.45
NL200,2017,597,500,1519.0,bb_three_bet,6.74,3.28,4.88,6.58,8.49,3.61
NL200,2017,597,500,1519.0,cbet,62.69,16.14,51.81,59.61,70.03,18.22
NL200,2017,597,500,1519.0,fold_to_3bet,41.95,16.66,32.13,45.27,53.26,21.13
NL200,2017,597,500,1519.0,pfr,17.13,4.87,15.38,17.47,19.05,3.67
NL200,2017,597,500,1519.0,three_bet,7.19,3.09,5.24,7.45,8.98,3.74
NL200,2017,597,500,1519.0,vpip,28.95,9.28,23.14,25.53,32.86,9.72
NL200,2018,747,500,1292.0,bb_fold,59.52,14.33,52.17,63.81,69.86,17.69
NL200,2018,747,500,1292.0,bb_three_bet,6.36,3.62,4.12,6.31,8.07,3.95
NL200,2018,747,500,1292.0,cbet,62.41,17.38,52.08,60.27,71.23,19.15
NL200,2018,747,500,1292.0,fold_to_3bet,39.96,17.51,27.96,44.0,51.7,23.73
NL200,2018,747,500,1292.0,pfr,16.53,5.7,14.07,16.82,19.02,4.95
NL200,2018,747,500,1292.0,three_bet,6.85,3.42,4.78,7.11,8.76,3.98
NL200,2018,747,500,1292.0,vpip,31.01,11.18,23.02,26.68,36.39,13.36
NL200,2019,624,500,1421.5,bb_fold,60.57,13.48,54.91,64.69,69.4,14.49
NL200,2019,624,500,1421.5,bb_three_bet,7.06,3.59,5.15,6.86,8.42,3.27
NL200,2019,624,500,1421.5,cbet,63.6,17.39,54.65,61.55,72.22,17.58
NL200,2019,624,500,1421.5,fold_to_3bet,39.18,17.28,27.59,43.1,51.52,23.93
NL200,2019,624,500,1421.5,pfr,16.74,5.04,14.78,17.07,18.75,3.97
NL200,2019,624,500,1421.5,three_bet,7.59,3.39,5.69,7.66,9.16,3.47
NL200,2019,624,500,1421.5,vpip,29.0,10.08,22.13,24.96,33.7,11.57
NL200,2020,911,500,1410.0,bb_fold,60.68,12.9,54.06,64.73,70.18,16.12
NL200,2020,911,500,1410.0,bb_three_bet,6.76,3.28,4.71,6.73,8.44,3.73
NL200,2020,911,500,1410.0,cbet,64.09,16.03,54.77,63.31,72.41,17.64
NL200,2020,911,500,1410.0,fold_to_3bet,40.63,17.28,28.57,44.36,52.83,24.26
NL200,2020,911,500,1410.0,pfr,16.73,5.07,14.88,17.02,18.98,4.1
NL200,2020,911,500,1410.0,three_bet,7.48,3.19,5.36,7.75,9.44,4.08
NL200,2020,911,500,1410.0,vpip,29.53,10.21,22.21,25.01,35.16,12.94
NL200,2021,966,500,1301.0,bb_fold,61.22,13.23,53.98,65.69,70.31,16.33
NL200,2021,966,500,1301.0,bb_three_bet,6.74,3.74,4.27,6.84,8.57,4.3
NL200,2021,966,500,1301.0,cbet,65.06,16.74,55.1,63.02,73.85,18.74
NL200,2021,966,500,1301.0,fold_to_3bet,40.4,18.7,27.35,44.19,53.72,26.37
NL200,2021,966,500,1301.0,pfr,16.28,5.67,14.47,17.21,18.91,4.43
NL200,2021,966,500,1301.0,three_bet,7.37,3.72,4.68,7.75,9.6,4.92
NL200,2021,966,500,1301.0,vpip,29.35,10.58,22.04,24.75,34.9,12.86
NL200,2022,935,500,1439.0,bb_fold,62.36,13.12,58.09,66.53,70.8,12.71
NL200,2022,935,500,1439.0,bb_three_bet,7.2,3.34,5.36,7.2,8.89,3.54
NL200,2022,935,500,1439.0,cbet,63.73,16.21,54.91,62.31,71.02,16.11
NL200,2022,935,500,1439.0,fold_to_3bet,43.13,18.43,32.26,47.83,56.33,24.07
NL200,2022,935,500,1439.0,pfr,16.96,5.05,15.36,17.72,19.26,3.89
NL200,2022,935,500,1439.0,three_bet,8.08,3.41,6.16,8.58,10.0,3.85
NL200,2022,935,500,1439.0,vpip,28.34,10.14,21.78,24.22,31.55,9.77
NL200,2023,813,500,1452.0,bb_fold,62.01,12.89,56.71,66.5,70.58,13.87
NL200,2023,813,500,1452.0,bb_three_bet,7.41,3.43,5.43,7.47,9.04,3.61
NL200,2023,813,500,1452.0,cbet,65.28,16.07,56.15,63.51,73.14,16.99
NL200,2023,813,500,1452.0,fold_to_3bet,45.59,17.57,34.38,50.31,58.34,23.96
NL200,2023,813,500,1452.0,pfr,17.26,5.06,15.74,17.76,19.68,3.94
NL200,2023,813,500,1452.0,three_bet,8.42,3.35,6.78,8.94,10.12,3.34
NL200,2023,813,500,1452.0,vpip,28.6,10.73,21.71,23.96,32.55,10.84
NL200,2024,982,500,1493.5,bb_fold,60.59,13.78,52.38,65.54,70.66,18.28
NL200,2024,982,500,1493.5,bb_three_bet,7.71,3.55,5.49,7.65,9.61,4.12
NL200,2024,982,500,1493.5,cbet,65.09,18.24,55.65,63.27,72.77,17.12
NL200,2024,982,500,1493.5,fold_to_3bet,43.22,19.64,28.31,50.0,58.25,29.94
NL200,2024,982,500,1493.5,pfr,16.49,5.27,14.54,17.37,19.31,4.77
NL200,2024,982,500,1493.5,three_bet,8.54,3.68,6.19,8.98,10.59,4.4
NL200,2024,982,500,1493.5,vpip,28.99,10.18,21.77,24.63,34.48,12.72
NL200,2025,957,500,1594.0,bb_fold,59.52,14.23,51.55,64.23,69.62,18.07
NL200,2025,957,500,1594.0,bb_three_bet,7.69,3.8,5.41,7.69,9.7,4.29
NL200,2025,957,500,1594.0,cbet,64.59,18.7,54.46,62.9,72.5,18.04
NL200,2025,957,500,1594.0,fold_to_3bet,42.63,19.8,28.57,48.71,57.89,29.32
NL200,2025,957,500,1594.0,pfr,16.28,5.37,14.34,17.11,19.04,4.7
NL200,2025,957,500,1594.0,three_bet,8.41,3.74,5.94,8.73,10.53,4.59
NL200,2025,957,500,1594.0,vpip,29.28,10.53,21.96,25.21,34.26,12.3
NL50,2011,1531,500,1127.0,bb_fold,78.47,10.72,74.14,81.53,85.6,11.46
NL50,2011,1531,500,1127.0,bb_three_bet,6.2,3.42,3.85,5.78,8.09,4.24
NL50,2011,1531,500,1127.0,cbet,68.73,18.16,57.41,68.59,80.0,22.59
NL50,2011,1531,500,1127.0,fold_to_3bet,52.9,19.22,41.38,55.56,66.67,25.29
NL50,2011,1531,500,1127.0,pfr,14.62,4.23,12.08,14.64,17.07,4.99
NL50,2011,1531,500,1127.0,three_bet,5.68,2.54,3.96,5.48,7.14,3.18
NL50,2011,1531,500,1127.0,vpip,21.84,7.19,17.1,20.25,24.16,7.06
NL50,2012,1046,500,1140.0,bb_fold,79.02,9.05,76.19,81.16,84.79,8.6
NL50,2012,1046,500,1140.0,bb_three_bet,6.23,3.0,4.26,6.02,8.03,3.77
NL50,2012,1046,500,1140.0,cbet,68.9,16.45,57.99,68.56,79.07,21.08
NL50,2012,1046,500,1140.0,fold_to_3bet,56.65,18.26,45.97,59.09,69.23,23.26
NL50,2012,1046,500,1140.0,pfr,15.66,3.76,13.42,15.53,17.68,4.25
NL50,2012,1046,500,1140.0,three_bet,5.81,2.26,4.35,5.59,7.18,2.83
NL50,2012,1046,500,1140.0,vpip,21.7,5.82,18.14,20.37,23.62,5.47
NL50,2013,1260,500,1225.5,bb_fold,73.19,13.25,66.67,77.12,82.85,16.18
NL50,2013,1260,500,1225.5,bb_three_bet,5.87,3.18,3.82,5.58,7.58,3.76
NL50,2013,1260,500,1225.5,cbet,66.13,16.74,55.66,65.85,76.47,20.81
NL50,2013,1260,500,1225.5,fold_to_3bet,49.07,19.75,36.36,52.38,63.64,27.28
NL50,2013,1260,500,1225.5,pfr,15.59,4.98,13.02,15.53,18.13,5.12
NL50,2013,1260,500,1225.5,three_bet,5.61,2.75,3.89,5.39,7.06,3.17
NL50,2013,1260,500,1225.5,vpip,25.33,9.21,19.11,22.24,29.53,10.42
NL50,2014,926,500,1395.0,bb_fold,72.06,12.81,67.23,75.91,80.84,13.61
NL50,2014,926,500,1395.0,bb_three_bet,6.37,3.24,4.32,6.17,8.2,3.88
NL50,2014,926,500,1395.0,cbet,64.32,16.55,53.62,63.37,73.71,20.1
NL50,2014,926,500,1395.0,fold_to_3bet,49.33,18.48,40.0,52.6,61.54,21.54
NL50,2014,926,500,1395.0,pfr,16.45,4.51,14.39,16.23,18.46,4.07
NL50,2014,926,500,1395.0,three_bet,6.19,2.71,4.58,6.11,7.59,3.01
NL50,2014,926,500,1395.0,vpip,25.47,8.99,19.91,22.52,27.8,7.89
NL50,2015,838,500,1394.5,bb_fold,70.48,11.75,65.1,73.53,78.89,13.79
NL50,2015,838,500,1394.5,bb_three_bet,6.19,3.07,4.2,6.0,7.94,3.74
NL50,2015,838,500,1394.5,cbet,62.29,16.2,52.8,61.41,70.75,17.95
NL50,2015,838,500,1394.5,fold_to_3bet,46.77,18.5,35.5,50.0,59.27,23.77
NL50,2015,838,500,1394.5,pfr,16.23,4.42,14.33,16.38,18.52,4.18
NL50,2015,838,500,1394.5,three_bet,6.08,2.66,4.44,6.05,7.5,3.06
NL50,2015,838,500,1394.5,vpip,25.85,8.15,20.56,23.34,28.7,8.14
NL50,2016,1107,500,1353.0,bb_fold,66.65,14.07,59.21,70.46,77.06,17.85
NL50,2016,1107,500,1353.0,bb_three_bet,5.96,3.4,3.81,5.7,7.52,3.7
NL50,2016,1107,500,1353.0,cbet,62.15,16.63,51.06,60.77,72.92,21.86
NL50,2016,1107,500,1353.0,fold_to_3bet,44.17,18.52,33.33,46.67,57.14,23.81
NL50,2016,1107,500,1353.0,pfr,16.18,5.31,13.84,16.37,18.88,5.04
NL50,2016,1107,500,1353.0,three_bet,6.0,3.03,4.05,5.84,7.51,3.46
NL50,2016,1107,500,1353.0,vpip,28.14,10.21,21.2,24.65,32.78,11.58
NL50,2017,942,500,1477.5,bb_fold,65.47,13.57,59.01,69.08,74.42,15.41
NL50,2017,942,500,1477.5,bb_three_bet,6.26,3.39,4.28,6.1,7.71,3.43
NL50,2017,942,500,1477.5,cbet,60.57,17.08,50.0,58.22,68.91,18.91
NL50,2017,942,500,1477.5,fold_to_3bet,42.07,18.31,31.35,45.45,54.03,22.68
NL50,2017,942,500,1477.5,pfr,16.42,4.82,14.5,16.7,18.67,4.17
NL50,2017,942,500,1477.5,three_bet,6.6,3.16,4.74,6.61,8.12,3.38
NL50,2017,942,500,1477.5,vpip,28.36,10.61,21.59,24.46,31.32,9.73
NL50,2018,925,500,1442.0,bb_fold,64.92,13.86,58.54,68.93,73.75,15.21
NL50,2018,925,500,1442.0,bb_three_bet,6.25,3.7,4.08,6.09,7.76,3.68
NL50,2018,925,500,1442.0,cbet,61.38,16.87,51.22,59.88,70.17,18.96
NL50,2018,925,500,1442.0,fold_to_3bet,42.27,17.7,33.33,45.16,53.85,20.52
NL50,2018,925,500,1442.0,pfr,16.3,5.56,13.99,16.45,18.63,4.64
NL50,2018,925,500,1442.0,three_bet,6.68,3.62,4.52,6.61,8.23,3.71
NL50,2018,925,500,1442.0,vpip,28.78,11.14,21.67,24.71,32.57,10.9
NL50,2019,946,500,1400.5,bb_fold,64.83,14.18,60.0,68.93,74.2,14.2
NL50,2019,946,500,1400.5,bb_three_bet,6.33,3.41,4.35,6.17,8.02,3.67
NL50,2019,946,500,1400.5,cbet,61.6,16.74,51.74,60.0,69.09,17.35
NL50,2019,946,500,1400.5,fold_to_3bet,41.34,17.02,31.58,44.94,52.84,21.26
NL50,2019,946,500,1400.5,pfr,16.2,5.41,14.15,16.66,18.43,4.28
NL50,2019,946,500,1400.5,three_bet,6.91,3.29,4.88,6.96,8.63,3.75
NL50,2019,946,500,1400.5,vpip,28.39,11.56,21.23,23.85,31.89,10.65
NL50,2020,1214,500,1366.0,bb_fold,62.57,14.74,55.07,67.53,72.73,17.66
NL50,2020,1214,500,1366.0,bb_three_bet,6.39,3.48,4.13,6.3,8.0,3.86
NL50,2020,1214,500,1366.0,cbet,61.25,17.17,50.88,60.0,69.5,18.62
NL50,2020,1214,500,1366.0,fold_to_3bet,40.6,17.73,29.75,43.75,52.59,22.85
NL50,2020,1214,500,1366.0,pfr,16.56,5.88,14.19,16.52,18.83,4.64
NL50,2020,1214,500,1366.0,three_bet,7.02,3.55,4.83,6.88,8.83,4.0
NL50,2020,1214,500,1366.0,vpip,30.34,12.46,21.66,25.55,36.06,14.4
NL50,2021,1380,500,1430.5,bb_fold,64.41,14.16,57.99,68.42,74.01,16.02
NL50,2021,1380,500,1430.5,bb_three_bet,6.06,3.28,3.97,5.89,7.77,3.8
NL50,2021,1380,500,1430.5,cbet,62.56,18.37,52.49,61.28,71.23,18.73
NL50,2021,1380,500,1430.5,fold_to_3bet,40.52,18.71,28.93,44.03,53.85,24.92
NL50,2021,1380,500,1430.5,pfr,15.75,5.41,13.5,16.32,18.54,5.04
NL50,2021,1380,500,1430.5,three_bet,6.82,3.3,4.71,6.93,8.71,4.0
NL50,2021,1380,500,1430.5,vpip,29.1,11.69,21.11,24.53,34.31,13.2
NL50,2022,1277,500,1443.0,bb_fold,64.33,13.46,57.92,68.38,73.83,15.91
NL50,2022,1277,500,1443.0,bb_three_bet,6.48,3.43,4.33,6.37,8.23,3.9
NL50,2022,1277,500,1443.0,cbet,63.27,17.05,52.63,61.23,72.25,19.62
NL50,2022,1277,500,1443.0,fold_to_3bet,42.9,18.16,32.14,46.55,55.56,23.42
NL50,2022,1277,500,1443.0,pfr,16.45,5.26,14.4,17.03,19.02,4.62
NL50,2022,1277,500,1443.0,three_bet,7.27,3.33,5.11,7.49,9.24,4.13
NL50,2022,1277,500,1443.0,vpip,28.44,10.78,21.09,24.22,32.86,11.77
NL50,2023,1159,500,1464.0,bb_fold,64.54,13.36,58.91,68.75,73.24,14.33
NL50,2023,1159,500,1464.0,bb_three_bet,6.76,3.46,4.66,6.65,8.33,3.67
NL50,2023,1159,500,1464.0,cbet,63.88,16.85,54.17,61.92,72.29,18.12
NL50,2023,1159,500,1464.0,fold_to_3bet,45.19,18.76,33.33,49.28,58.43,25.1
NL50,2023,1159,500,1464.0,pfr,16.47,5.21,14.34,17.12,19.11,4.77
NL50,2023,1159,500,1464.0,three_bet,7.75,3.48,5.7,8.02,9.53,3.83
NL50,2023,1159,500,1464.0,vpip,28.02,10.66,21.09,23.72,32.79,11.7
NL50,2024,1455,500,1399.0,bb_fold,62.75,14.44,55.66,67.34,72.73,17.07
NL50,2024,1455,500,1399.0,bb_three_bet,7.0,4.0,4.55,6.88,8.89,4.34
NL50,2024,1455,500,1399.0,cbet,64.13,18.28,52.77,62.5,73.53,20.76
NL50,2024,1455,500,1399.0,fold_to_3bet,43.07,19.58,30.15,47.83,58.11,27.96
NL50,2024,1455,500,1399.0,pfr,15.98,5.69,13.41,16.87,19.13,5.72
NL50,2024,1455,500,1399.0,three_bet,7.94,3.93,5.23,8.29,10.07,4.84
NL50,2024,1455,500,1399.0,vpip,28.69,11.19,21.11,24.32,33.36,12.25
NL50,2025,1392,500,1349.5,bb_fold,60.63,15.57,52.31,65.77,71.73,19.42
NL50,2025,1392,500,1349.5,bb_three_bet,6.84,3.93,4.26,6.72,8.74,4.48
NL50,2025,1392,500,1349.5,cbet,64.53,19.26,52.86,62.24,75.0,22.14
NL50,2025,1392,500,1349.5,fold_to_3bet,41.54,20.46,26.83,45.68,57.69,30.86
NL50,2025,1392,500,1349.5,pfr,15.75,6.01,12.92,16.52,19.15,6.23
NL50,2025,1392,500,1349.5,three_bet,7.8,4.09,5.03,8.11,10.02,4.99
NL50,2025,1392,500,1349.5,vpip,30.34,11.94,21.64,26.19,36.62,14.98
NL5K,2011,261,500,1531.0,bb_fold,72.53,9.83,69.62,74.64,78.83,9.21
NL5K,2011,261,500,1531.0,bb_three_bet,8.08,3.14,6.14,7.87,9.8,3.66
NL5K,2011,261,500,1531.0,cbet,69.94,13.93,61.11,70.37,78.95,17.84
NL5K,2011,261,500,1531.0,fold_to_3bet,55.13,15.32,47.32,57.14,66.36,19.04
NL5K,2011,261,500,1531.0,pfr,17.66,3.37,15.98,17.57,19.49,3.51
NL5K,2011,261,500,1531.0,three_bet,7.46,2.45,5.95,7.31,8.89,2.94
NL5K,2011,261,500,1531.0,vpip,25.09,5.97,21.39,23.72,26.84,5.45
NL5K,2012,215,500,1691.0,bb_fold,69.91,9.86,65.94,72.27,76.65,10.71
NL5K,2012,215,500,1691.0,bb_three_bet,8.4,3.16,6.2,8.11,10.06,3.87
NL5K,2012,215,500,1691.0,cbet,70.05,14.93,61.77,69.86,80.0,18.23
NL5K,2012,215,500,1691.0,fold_to_3bet,54.0,15.72,46.7,57.58,63.74,17.04
NL5K,2012,215,500,1691.0,pfr,18.61,3.23,16.98,18.46,20.3,3.32
NL5K,2012,215,500,1691.0,three_bet,7.87,2.37,6.45,7.75,9.5,3.05
NL5K,2012,215,500,1691.0,vpip,26.35,5.85,22.58,24.88,28.39,5.81
NL5K,2013,226,500,1833.0,bb_fold,64.51,11.37,58.35,66.75,73.04,14.69
NL5K,2013,226,500,1833.0,bb_three_bet,7.92,2.71,6.17,7.81,9.58,3.41
NL5K,2013,226,500,1833.0,cbet,66.27,13.25,58.4,66.98,74.59,16.19
NL5K,2013,226,500,1833.0,fold_to_3bet,52.65,14.2,46.27,55.14,61.28,15.02
NL5K,2013,226,500,1833.0,pfr,18.5,3.14,16.82,18.36,20.15,3.32
NL5K,2013,226,500,1833.0,three_bet,7.84,2.28,6.43,7.94,9.29,2.85
NL5K,2013,226,500,1833.0,vpip,27.31,6.75,23.5,26.03,28.51,5.01
NL5K,2014,213,500,1833.0,bb_fold,59.62,10.07,55.14,60.65,65.49,10.35
NL5K,2014,213,500,1833.0,bb_three_bet,7.51,2.77,5.95,7.39,8.92,2.97
NL5K,2014,213,500,1833.0,cbet,61.35,13.04,53.91,59.84,67.46,13.55
NL5K,2014,213,500,1833.0,fold_to_3bet,47.82,15.45,38.46,50.0,56.67,18.21
NL5K,2014,213,500,1833.0,pfr,18.27,3.41,16.89,17.97,19.67,2.78
NL5K,2014,213,500,1833.0,three_bet,7.51,2.34,6.11,7.52,8.8,2.69
NL5K,2014,213,500,1833.0,vpip,28.06,5.94,24.84,26.32,29.59,4.75
NL5K,2015,157,500,1729.0,bb_fold,54.56,9.1,49.69,55.71,59.85,10.16
NL5K,2015,157,500,1729.0,bb_three_bet,7.5,2.7,6.01,7.26,9.06,3.05
NL5K,2015,157,500,1729.0,cbet,62.57,13.64,54.29,60.66,70.89,16.6
NL5K,2015,157,500,1729.0,fold_to_3bet,42.57,14.78,34.05,44.34,50.72,16.67
NL5K,2015,157,500,1729.0,pfr,18.36,4.31,16.28,18.03,19.64,3.36
NL5K,2015,157,500,1729.0,three_bet,7.98,2.71,6.63,7.73,9.09,2.46
NL5K,2015,157,500,1729.0,vpip,29.17,7.32,24.78,27.04,30.75,5.97
NL5K,2016,127,500,1610.0,bb_fold,55.45,8.27,51.28,56.05,60.2,8.92
NL5K,2016,127,500,1610.0,bb_three_bet,7.49,2.39,6.12,7.4,8.93,2.81
NL5K,2016,127,500,1610.0,cbet,67.33,11.6,60.23,65.92,74.15,13.91
NL5K,2016,127,500,1610.0,fold_to_3bet,42.05,12.85,33.86,42.86,50.0,16.14
NL5K,2016,127,500,1610.0,pfr,18.01,3.02,16.56,18.0,19.04,2.48
NL5K,2016,127,500,1610.0,three_bet,8.24,2.38,6.99,8.08,9.76,2.77
NL5K,2016,127,500,1610.0,vpip,27.52,5.14,24.48,26.66,28.66,4.18
NL5K,2017,144,500,1787.0,bb_fold,55.2,8.16,50.98,56.52,60.7,9.72
NL5K,2017,144,500,1787.0,bb_three_bet,7.07,2.29,5.65,7.04,8.3,2.65
NL5K,2017,144,500,1787.0,cbet,65.33,13.0,57.85,64.14,72.17,14.32
NL5K,2017,144,500,1787.0,fold_to_3bet,43.05,13.54,34.75,45.15,52.75,18.0
NL5K,2017,144,500,1787.0,pfr,17.82,3.28,16.69,17.96,19.37,2.68
NL5K,2017,144,500,1787.0,three_bet,8.25,2.31,6.76,8.34,9.88,3.12
NL5K,2017,144,500,1787.0,vpip,28.17,6.32,24.92,26.34,29.25,4.33
NL5K,2018,127,500,1632.0,bb_fold,56.35,9.03,53.13,58.25,61.39,8.26
NL5K,2018,127,500,1632.0,bb_three_bet,6.95,2.36,5.64,6.9,8.28,2.64
NL5K,2018,127,500,1632.0,cbet,68.04,10.95,61.58,67.41,73.43,11.85
NL5K,2018,127,500,1632.0,fold_to_3bet,44.8,13.67,38.1,47.06,55.0,16.9
NL5K,2018,127,500,1632.0,pfr,18.06,3.27,17.01,17.99,18.91,1.91
NL5K,2018,127,500,1632.0,three_bet,8.33,2.18,7.26,8.6,9.77,2.51
NL5K,2018,127,500,1632.0,vpip,27.36,6.73,24.3,25.68,27.34,3.03
NL5K,2019,136,500,1562.5,bb_fold,58.1,9.64,54.05,59.2,63.19,9.14
NL5K,2019,136,500,1562.5,bb_three_bet,7.53,2.55,6.15,7.36,8.75,2.6
NL5K,2019,136,500,1562.5,cbet,65.86,10.61,59.58,64.57,70.43,10.85
NL5K,2019,136,500,1562.5,fold_to_3bet,47.32,14.81,42.1,50.22,56.25,14.15
NL5K,2019,136,500,1562.5,pfr,18.04,4.23,16.53,17.75,19.25,2.72
NL5K,2019,136,500,1562.5,three_bet,8.75,2.84,7.25,8.68,10.0,2.75
NL5K,2019,136,500,1562.5,vpip,27.16,7.52,23.91,25.41,27.15,3.24
NL5K,2020,139,500,1479.0,bb_fold,59.89,7.19,57.31,60.75,64.3,6.98
NL5K,2020,139,500,1479.0,bb_three_bet,8.16,2.83,6.38,8.11,9.87,3.49
NL5K,2020,139,500,1479.0,cbet,67.48,12.2,59.7,65.83,72.79,13.08
NL5K,2020,139,500,1479.0,fold_to_3bet,49.35,12.4,42.77,52.33,56.9,14.13
NL5K,2020,139,500,1479.0,pfr,18.15,2.38,16.77,18.25,19.52,2.75
NL5K,2020,139,500,1479.0,three_bet,9.46,2.35,8.14,9.63,10.77,2.62
NL5K,2020,139,500,1479.0,vpip,25.56,5.04,23.2,24.8,26.05,2.85
NL5K,2021,49,500,1004.0,bb_fold,59.69,6.42,56.79,61.05,64.2,7.41
NL5K,2021,49,500,1004.0,bb_three_bet,8.26,3.24,5.94,8.49,10.32,4.38
NL5K,2021,49,500,1004.0,cbet,68.91,12.71,62.2,67.57,72.93,10.73
NL5K,2021,49,500,1004.0,fold_to_3bet,50.75,11.68,43.48,48.81,59.09,15.61
NL5K,2021,49,500,1004.0,pfr,18.37,2.06,17.08,18.46,19.52,2.44
NL5K,2021,49,500,1004.0,three_bet,9.71,2.32,9.19,9.81,11.15,1.96
NL5K,2021,49,500,1004.0,vpip,25.28,4.33,22.94,24.51,26.22,3.28
NL5K,2022,9,500,671.0,bb_fold,57.78,7.3,55.13,57.22,62.16,7.03
NL5K,2022,9,500,671.0,bb_three_bet,7.53,3.88,5.13,6.42,9.93,4.8
NL5K,2022,9,500,671.0,cbet,74.73,16.29,65.06,69.7,77.12,12.06
NL5K,2022,9,500,671.0,fold_to_3bet,54.31,17.26,47.83,50.0,65.31,17.48
NL5K,2022,9,500,671.0,pfr,19.07,1.39,18.53,18.72,19.85,1.32
NL5K,2022,9,500,671.0,three_bet,9.26,2.47,8.04,9.53,10.48,2.44
NL5K,2022,9,500,671.0,vpip,26.1,4.38,24.12,25.13,27.32,3.2
NL5K,2023,40,500,829.0,bb_fold,61.05,6.28,56.61,62.12,65.23,8.62
NL5K,2023,40,500,829.0,bb_three_bet,8.69,2.83,6.51,8.0,9.94,3.42
NL5K,2023,40,500,829.0,cbet,68.76,12.8,59.84,65.48,75.98,16.14
NL5K,2023,40,500,829.0,fold_to_3bet,50.28,15.13,39.56,49.2,57.3,17.74
NL5K,2023,40,500,829.0,pfr,18.22,2.13,17.47,18.13,19.78,2.3
NL5K,2023,40,500,829.0,three_bet,9.57,2.3,8.64,9.7,10.76,2.12
NL5K,2023,40,500,829.0,vpip,24.82,3.63,22.98,24.59,26.46,3.48
NL5K,2024,43,500,706.0,bb_fold,58.0,9.89,53.44,60.53,65.31,11.88
NL5K,2024,43,500,706.0,bb_three_bet,9.18,3.62,7.2,8.57,10.91,3.72
NL5K,2024,43,500,706.0,cbet,65.23,10.23,57.73,65.13,72.85,15.12
NL5K,2024,43,500,706.0,fold_to_3bet,52.2,14.08,43.43,53.57,62.59,19.16
NL5K,2024,43,500,706.0,pfr,18.7,3.31,16.68,18.53,19.92,3.24
NL5K,2024,43,500,706.0,three_bet,10.1,2.24,8.94,10.26,11.13,2.2
NL5K,2024,43,500,706.0,vpip,26.23,6.84,23.02,24.65,26.92,3.9
NL5K,2025,64,500,809.5,bb_fold,60.33,7.08,55.88,60.03,64.71,8.83
NL5K,2025,64,500,809.5,bb_three_bet,8.16,3.21,6.08,8.34,10.29,4.21
NL5K,2025,64,500,809.5,cbet,62.39,13.16,55.12,63.05,71.14,16.03
NL5K,2025,64,500,809.5,fold_to_3bet,53.62,13.44,48.02,54.78,62.7,14.68
NL5K,2025,64,500,809.5,pfr,18.06,2.94,16.92,18.32,20.09,3.17
NL5K,2025,64,500,809.5,three_bet,9.75,2.82,7.78,10.02,11.44,3.66
NL5K,2025,64,500,809.5,vpip,25.44,3.98,23.39,25.08,27.09,3.7
